<app_info>
<app>
    <name>gcwsieve</name>
    <user_friendly_name>Cullen/Woodall Prime Search (Sieve)</user_friendly_name>
</app>
<file_info>
    <name>primegrid_gcwsieve_1.12_arm-unknown-linux-gnu</name>
    <executable/>
</file_info>
<app_version>
    <app_name>gcwsieve</app_name>
    <version_num>112</version_num>
    <api_version>6.2.18</api_version>
    <file_ref>
       <file_name>primegrid_gcwsieve_1.12_arm-unknown-linux-gnu</file_name>
       <main_program/>
    </file_ref>
    <platform>arm-unknown-linux-gnu</platform>
    <avg_ncpus>1.000000</avg_ncpus>
    <max_ncpus>1.000000</max_ncpus>
</app_version>
</app_info>