<app_info>
<app>
    <name>enigma_m4_2</name>
    <user_friendly_name>Enigma 0.76b 5.22</user_friendly_name>
</app>
<file_info>
    <name>wrapper_5.22_arm-unknown-linux-gnu</name>
    <executable/>
</file_info>
<file_info>
    <name>enigma2_0.76_arm-unknown-linux-gnu</name>
    <executable/>
</file_info>
<file_info>
    <name>job_1.27.xml</name>
</file_info>
<app_version>
    <app_name>enigma_m4_2</app_name>
    <version_num>522</version_num>
    <api_version>6.3.9</api_version>
    <file_ref>
       <file_name>wrapper_5.22_arm-unknown-linux-gnu</file_name>
       <main_program/>
    </file_ref>
    <file_ref>
       <file_name>enigma2_0.76_arm-unknown-linux-gnu</file_name>
       <open_name>enigma2_0.76_arm-unknown-linux-gnu</open_name>
    </file_ref>
    <file_ref>
      <file_name>job_1.27.xml</file_name>
      <open_name>job.xml</open_name>
    </file_ref>
    <platform>arm-unknown-linux-gnu</platform>
    <avg_ncpus>1.000000</avg_ncpus>
    <max_ncpus>1.000000</max_ncpus>
</app_version>
</app_info>